INSERT INTO Station (StationId, Address, City) VALUES 
(1, 'תחנה מרכזית ירושלים', 'ירושלים'),
(2, 'צומת מלחה', 'ירושלים'),
(3, 'מחלף חמד', 'מחלף חמד'),
(4, 'מרכזית המפרץ', 'חיפה'),
(5, 'תחנה מרכזית תל אביב', 'תל אביב'),
(6, 'תחנה מרכזית חיפה', 'חיפה'),
(7, 'צומת גלילות', 'תל אביב'),
(8, 'מחלף השלום', 'תל אביב'),
(9, 'צומת גהה', 'פתח תקווה'),
(10, 'תחנה מרכזית באר שבע', 'באר שבע'),
(11, 'מחלף מסובים', 'מחלף מסובים'),
(12, 'צומת אליקים', 'צומת אליקים'),
(13, 'תחנה מרכזית נתניה', 'נתניה'),
(14, 'מחלף קיסריה', 'מחלף קיסריה'),
(15, 'מחלף נחשונים', 'מחלף נחשונים'),
(16, 'צומת אשדוד', 'אשדוד'),
(17, 'תחנה מרכזית הרצליה', 'הרצליה'),
(18, 'צומת בית ליד', 'נתניה'),
(19, 'מחלף עין תות', 'מחלף עין תות'),
(20, 'תחנה מרכזית רעננה', 'רעננה'),
(21, 'מחלף בר אילן', 'מחלף בר אילן'),
(22, 'צומת פלוגות', 'קריית גת'),
(23, 'צומת לוד', 'לוד'),
(24, 'מחלף ענבה', 'מודיעין'),
(25, 'תחנה מרכזית חולון', 'חולון'),
(26, 'תחנה מרכזית רחובות', 'רחובות'),
(27, 'מחלף גלילות', 'תל אביב'),
(28, 'צומת ראם', 'מזכרת בתיה'),
(29, 'מחלף אשדוד', 'אשדוד'),
(30, 'צומת בילו', 'רחובות'),
(31, 'צומת כפר שמריהו', 'הרצליה'),
(32, 'צומת שילת', 'מודיעין'),
(33, 'צומת חטיבה שבע', 'לטרון'),
(34, 'תחנה מרכזית כפר סבא', 'כפר סבא'),
(35, 'מחלף נתניה', 'נתניה'),
(36, 'מחלף קסם', 'ראש העין'),
(37, 'צומת שוקת', 'ערד'),
(38, 'מחלף גבעת שמואל', 'קריית אונו'),
(39, 'צומת הנגב', 'באר שבע'),
(40, 'מחלף קריית גת', 'קריית גת'),
(41, 'תחנה מרכזית אשקלון', 'אשקלון'),
(42, 'צומת קמה', 'מחלף קמה'),
(43, 'מחלף נצרת עילית', 'נצרת עילית'),
(44, 'תחנה מרכזית טבריה', 'טבריה'),
(45, 'מחלף שער הגיא', 'שער הגיא'),
(48, 'תחנה מרכזית קריית שמונה', 'קריית שמונה'),
(49, 'צומת הנגב', 'באר שבע'),
(50, 'מחלף איילון', 'תל אביב'),
(51, 'תחנה מרכזית נתיבות', 'נתיבות'),
(52, 'צומת ניר ישראל', 'אשקלון'),
(53, 'מחלף רעננה דרום', 'רעננה'),
(54, 'מחלף שפירים', 'לוד'),
(55, 'מחלף יד בנימין', 'יד בנימין'),
(56, 'צומת סגולה', 'פתח תקווה'),
(57, 'מחלף שמריהו מזרח', 'הרצליה'),
(58, 'תחנה מרכזית אור עקיבא', 'אור עקיבא'),
(59, 'צומת ראם', 'קריית מלאכי'),
(60, 'מחלף גלילות מזרח', 'תל אביב'),
(61, 'תחנה מרכזית אילת', 'אילת');

INSERT INTO Users (UserId, Username, UserPassword, UserPhone, UserPermission, UserEmail) VALUES 
(1, 'יובל', 'Y1234@', '054-1234567', 'user', 'yuval@gmail.com'),
(2, 'נועה', 'N5678@', '052-2345678', 'user', 'noa@gmail.com'),
(3, 'דניאל', 'D9876@', '050-3456789', 'user', 'daniel@gmail.com'),
(4, 'שירה', 'S5432@', '053-4567890', 'user', 'shira@gmail.com'),
(5, 'אורי', 'O1234@', '055-5678901', 'user', 'uri@gmail.com'),
(6, 'יעל', 'J4321@', '058-6789012', 'user', 'yael@gmail.com'),
(7, 'עומר', 'O8765@', '052-7890123', 'user', 'omer@gmail.com'),
(8, 'מאיה', 'M6543@', '050-8901234', 'user', 'maya@gmail.com'),
(9, 'יונתן', 'Y9876@', '054-9012345', 'user', 'yonatan@gmail.com'),
(10, 'רותם', 'R1234@', '053-0123456', 'user', 'rotem@gmail.com'),
(11, 'איתן', 'E5678@', '050-1234567', 'user', 'eitan@gmail.com'),
(12, 'מיכל', 'M8765@', '052-2345678', 'user', 'michal@gmail.com'),
(13, 'תמר', 'T4321@', '053-3456789', 'user', 'tamar@gmail.com'),
(14, 'נועם', 'N6543@', '050-4567890', 'user', 'noam@gmail.com'),
(15, 'נגה', 'N5432@', '054-5678901', 'user', 'noga@gmail.com'),
(16, 'יואב', 'Y9876@', '058-6789012', 'user', 'yoav@gmail.com'),
(17, 'ליאור', 'L1234@', '055-7890123', 'user', 'lior@gmail.com'),
(18, 'אלה', 'E5678@', '050-8901234', 'user', 'ela@gmail.com'),
(19, 'יובל כהן', 'Yc1234@', '054-1234567', 'driver', 'yuvalcohen@gmail.com'),
(20, 'דניאל לוי', 'Dl5678@', '052-2345678', 'driver', 'daniellvi@gmail.com'),
(21, 'איתי אברהם', 'Ia9876@', '050-3456789', 'driver', 'itaiabraham@gmail.com'),
(22,'יואב פרץ', 'Yp5432@', '053-4567890', 'driver', 'yoavperetz@gmail.com'),
(23,'אלון כץ', 'Ak1234@', '055-5678901', 'driver', 'alonkatz@gmail.com'),
(24,'אורי רוזן', 'Or4321@', '058-6789012', 'driver', 'urirozen@gmail.com'),
(25,'עומר לוי', 'Ol8765@', '052-7890123', 'driver', 'omerlevi@gmail.com'),
(26,'אילן מזרחי', 'Im6543@', '050-8901234', 'driver', 'ilanmizrahi@gmail.com'),
(27,'רון ברק', 'Rb9876@', '054-9012345', 'driver', 'ronbarak@gmail.com'),
(28,'גיא אוחנה', 'Go1234@', '053-0123456', 'driver', 'guyohana@gmail.com'),
(29,'רועי כהן', 'Rc5678@', '050-1234567', 'driver', 'roicohen@gmail.com'),
(30,'אופיר עמיר', 'Oa8765@', '052-2345678', 'driver', 'ofiramir@gmail.com'),
(31,'איתן ניב', 'En6543@', '054-3456789', 'driver', 'eitanniv@gmail.com'),
(32,'עמית רז', 'Ar4321@', '050-4567890', 'driver', 'amitraz@gmail.com'),
(33,'ליאור גולן', 'Lg8765@', '052-5678901', 'driver', 'liorgolan@gmail.com'),
(34,'שחר חן', 'Sh6543@', '053-6789012', 'driver', 'shaharhen@gmail.com'),
(35,'גלעד בר', 'Gb9876@', '050-7890123', 'driver', 'giladbar@gmail.com'),
(36,'יונתן סלע', 'Ys5432@', '054-8901234', 'driver', 'yonatansela@gmail.com'),
(37,'אלעד צור', 'Ez1234@', '053-9012345', 'driver', 'eladzur@gmail.com'),
(38,'אופק קדם', 'Ok5678@', '050-0123456', 'driver', 'ofekkedem@gmail.com'),
(39,'אביטל', '6535684', '058-6535684', 'admin', 'avitlkahana@gmail.com'),
(40,'אהובה ראשית', '123456', '058-6535684', 'admin', 'ahuva@gmail.com');

INSERT INTO Transportation (TransportationID, Transportation_Date, Transportation_Time, Transportation_Status, DriverID, MaxPassengers) VALUES 
(1,'2024-09-03', '14:45:00', 'active', 21, 35),
(2,'2024-09-04', '08:30:00', 'active', 25, 30),
(3,'2024-09-05', '09:45:00', 'active', 25, 26),
(4,'2024-09-06', '10:30:00', 'cancel', 25, 34),
(5,'2024-09-07', '12:15:00', 'active', 19, 24),
(6,'2024-09-08', '15:00:00', 'active', 22, 32),
(7,'2024-09-09', '08:00:00', 'active', 23, 29),
(8,'2024-09-10', '09:30:00', 'active', 24, 27),
(9,'2024-09-11', '10:15:00', 'cancel', 26, 34),
(10,'2024-09-12', '12:00:00', 'active', 27, 22),
(11,'2024-09-13', '14:45:00', 'active', 24, 33),
(12,'2024-09-14', '08:30:00', 'active', 29, 30),
(13,'2024-09-15', '09:45:00', 'active', 27, 25),
(14,'2024-09-16', '10:30:00', 'cancel', 28, 32),
(15,'2024-09-17', '12:15:00', 'active', 28, 24);

INSERT INTO Station_In_Transportation (TransportationID, StationID, Station_Status, Station_Type) VALUES 
(1, 60, 'active', 'Starting'),
(1, 2, 'active', 'Intermediate'),
(1, 3, 'active', 'Intermediate'),
(1, 4, 'active', 'Intermediate'),
(1, 5, 'cancel', 'Intermediate'),
(1, 6, 'active', 'Destination');
INSERT INTO Station_In_Transportation (TransportationID, StationID, Station_Status, Station_Type) VALUES 
(2, 7, 'active', 'Starting'),
(2, 8, 'active', 'Intermediate'),
(2, 9, 'active', 'Destination'),
(3, 10, 'active', 'Starting'),
(3, 11, 'active', 'Intermediate'),
(3, 12, 'active', 'Destination'),
(4, 13, 'active', 'Starting');
INSERT INTO Station_In_Transportation (TransportationID, StationID, Station_Status, Station_Type) VALUES 
(4, 14, 'active', 'Intermediate'),
(4, 15, 'active', 'Destination'),
(5, 16, 'active', 'Starting'),
(5, 17, 'active', 'Intermediate'),
(5, 18, 'active', 'Destination'),
(5, 19, 'cancel', 'Intermediate'),
(5, 20, 'active', 'Intermediate'),
(6, 21, 'active', 'Destination'),
(6, 22, 'active', 'Starting'),
(6, 23, 'active', 'Intermediate'),
(6, 24, 'active', 'Intermediate'),
(6, 25, 'active', 'Intermediate'),
(7, 26, 'active', 'Intermediate'),
(7, 27, 'active', 'Destination'),
(7, 28, 'active', 'Starting'),
(7, 29, 'active', 'Intermediate'),
(7, 30, 'active', 'Intermediate'),
(7, 31, 'cancel', 'Intermediate'),
(8, 32, 'active', 'Intermediate'),
(8, 33, 'active', 'Destination'),
(8, 34, 'active', 'Starting'),
(8, 35, 'active', 'Intermediate'),
(8, 36, 'active', 'Intermediate'),
(8, 37, 'active', 'Intermediate'),
(9, 38, 'active', 'Intermediate'),
(9, 39, 'active', 'Destination'),
(9, 40, 'active', 'Starting'),
(9, 41, 'active', 'Intermediate'),
(9, 42, 'active', 'Intermediate'),
(9, 43, 'active', 'Intermediate'),
(9, 44, 'active', 'Intermediate'),
(9, 45, 'active', 'Intermediate'),
(10, 48, 'active', 'Starting'),
(10, 41, 'active', 'Destination'),
(10, 42, 'active', 'Intermediate'),
(10, 1, 'active', 'Intermediate'),
(10, 2, 'active', 'Intermediate'),
(10, 10, 'active', 'Intermediate'),
(11, 41, 'active', 'Starting'),
(11, 49, 'active', 'Destination'),
(12, 42, 'active', 'Starting'),
(12, 48, 'active', 'Destination'),
(13, 61, 'active', 'Starting'),
(13, 23, 'active', 'Destination'),
(14, 45, 'active', 'Starting'),
(14, 48, 'active', 'Destination'),
(15, 42, 'active', 'Starting'),
(15, 48, 'active', 'Destination');

select * from Station_In_Transportation



select * from transportation
select * from station


INSERT INTO Registrations_To_Transportation (TransportationID, UserID, PickupStationID, DropoffStationID, ExecutionDate, Registration_Status) VALUES 
(1, 1, 60, 6, '2024-08-01 09:30:00', 'active'),
(1, 2, 2, 5, '2024-08-02 10:15:00', 'cancel'),
(1, 3, 3, 4, '2024-08-02 12:00:00', 'active'),
(2, 4, 7, 9, '2024-08-03 14:45:00', 'active'),
(2, 5, 8, 9, '2024-08-04 08:30:00', 'active'),
(2, 6, 7, 8, '2024-08-05 09:45:00', 'active'),
(2, 7, 7, 9, '2024-08-06 10:30:00', 'cancel'),
(3, 8, 10, 12, '2024-08-07 12:15:00', 'active'),
(3, 9, 10, 11, '2024-08-08 15:00:00', 'active'),
(3, 10, 11, 12, '2024-08-09 08:00:00', 'active'),
(4, 11, 13, 15, '2024-08-10 09:30:00', 'active'),
(4, 12, 13, 14, '2024-08-11 10:15:00', 'cancel'),
(4, 13, 14, 15, '2024-08-12 12:00:00', 'active'),
(5, 14, 16, 18, '2024-08-13 14:45:00', 'active'),
(5, 15, 16, 20, '2024-08-14 08:30:00', 'active'),
(5, 16, 16, 19, '2024-08-15 09:45:00', 'active'),
(5, 17, 16, 17, '2024-08-16 10:30:00', 'cancel'),
(5, 1, 17, 18, '2024-08-17 12:15:00', 'active'),
(5, 2, 17, 20, '2024-08-18 15:00:00', 'active'),
(5, 3, 17, 19, '2024-08-19 08:00:00', 'active'),
(5, 4, 16, 18, '2024-08-20 09:30:00', 'active'),
(5, 5, 17, 18, '2024-08-21 10:15:00', 'active'),
(6, 6, 22, 21, '2024-08-22 12:00:00', 'active'),
(6, 7, 23, 25, '2024-08-23 14:45:00', 'active'),
(6, 8, 22, 24, '2024-08-24 08:30:00', 'active'),
(6, 9, 22, 23, '2024-08-25 09:45:00', 'active'),
(6, 10, 23, 21, '2024-08-26 10:30:00', 'cancel'),
(6, 11, 23, 25, '2024-08-27 12:15:00', 'active'),
(6, 12, 24, 21, '2024-08-28 15:00:00', 'active'),
(7, 13, 28, 27, '2024-08-29 08:00:00', 'active'),
(7, 14, 26, 27, '2024-08-30 09:30:00', 'active'),
(7, 15, 28, 31, '2024-08-01 10:15:00', 'cancel'),
(7, 16, 28, 30, '2024-08-02 12:00:00', 'active'),
(7, 17, 26, 31, '2024-08-03 14:45:00', 'active');

INSERT INTO Message (MessageID, SenderID, MessageText, Message_Status, SendTime) VALUES 
(1, 40, 'The bus will arrive late.', 'active', '2024-08-01 07:45:00'),
(2, 40, 'Important update on the schedule.', 'active', '2024-08-01 08:30:00'),
(3, 40, 'Your registration has been active.', 'active', '2024-08-02 09:15:00'),
(4, 40, 'There has been a change in route.', 'active', '2024-08-03 10:00:00'),
(5, 40, 'Thank you for your patience.', 'active', '2024-08-04 11:45:00'),
(6, 40, 'Reminder: Upcoming transport details.', 'active', '2024-08-05 12:30:00'),
(7, 40, 'The transport is now active.', 'active', '2024-08-06 13:15:00'),
(8, 40, 'Change of transport status.', 'active', '2024-08-07 14:00:00'),
(9, 40, 'Your request has been processed.', 'active', '2024-08-08 14:45:00'),
(10, 40, 'Transport active successfully.', 'active', '2024-08-09 15:30:00'),
(11, 40, 'Reminder: Transport schedule update.', 'active', '2024-08-10 16:15:00'),
(12, 40, 'New route information available.', 'active', '2024-08-11 17:00:00'),
(13, 40, 'Transport has been cancel.', 'active', '2024-08-12 17:45:00');


INSERT INTO Message_To_Transportation (MessageID, TransportationID) VALUES 
(1, 1),
(2, 2),
(3, 3),
(4, 4),
(5, 5),
(6, 6),
(7, 7),
(8, 8),
(9, 9);

INSERT INTO General_Message (MessageID, AttachedFiles) VALUES
(10, 'file1.pdf'),
(11, 'file2.pdf'),
(12, 'file3.pdf'),
(13, 'file4.docx');
